000,0xfee8
001,0x9140
002,0xc48b
004,0x3ad4
005,0xb6f3
006,0x0fa3
007,0x764f
008,0x868a
009,0xadca
010,0xd25b
011,0xd21d
012,0x9e3d
013,0x1088
014,0x3802
015,0xd8d3
016,0x6255
017,0x443b
018,0x6100
019,0x39f1
020,0x79a4
021,0x2411
022,0xe9cd
023,0xeee4
024,0xd15f
025,0x2907
026,0x28f8
027,0x6785
028,0x300b
029,0x0008
030,0x1eae
031,0x3962
032,0xb943
033,0x2737
034,0xa69c
035,0xa8f9
036,0xe905
037,0x59b5
038,0xe933
039,0x81fe
040,0xd75b
041,0x6eb8
042,0x5626
043,0xeeb2
044,0x5f5c
045,0xb90f
046,0x5e05
047,0x2402
048,0xcb10
049,0x1402
050,0x140a
051,0x1416
052,0xb423
053,0xa43f
054,0xe423
055,0xe42f
056,0xe42b
057,0xc423
058,0xc027
059,0x4c22
060,0x3423
061,0x342f
062,0x9443
063,0x944f
064,0x945b
065,0x8443
066,0x844f
067,0x844b
068,0x8457
069,0x8453
070,0x845f
071,0x845b
072,0xf443
073,0xf44f
074,0xf457
075,0xf44f
076,0xf44b
077,0xf447
078,0xf47f
079,0xf05b
080,0xf057
081,0xf053
082,0xf04f
083,0xf04b
084,0xf047
085,0xf043
086,0xf07f
087,0xe443
088,0xe44f
089,0xe44b
090,0xd443
091,0xd44f
092,0xd44b
093,0xc443
094,0xc45b
095,0xc467
096,0x247a
097,0x246a
098,0x2466
099,0x2462
100,0xcba6
101,0xab10
102,0x4a13
103,0x1462
104,0x146e
105,0x146a
106,0x147a
107,0x9473
108,0x144a
109,0x9443
110,0x945b
111,0x6462
112,0x646e
113,0x646a
114,0x6476
115,0x5462
116,0x4462
117,0x446e
118,0x446a
119,0x4476
120,0x4472
121,0xb476
122,0xa462
123,0xa46a
124,0xb497
125,0xb49b
126,0xa4a7
127,0x9483
128,0x848b
129,0xf48f
130,0xf48b
131,0xe48f
132,0xd483
133,0xd7b2
134,0x2ab2
135,0xc483
136,0x3483
137,0xd78a
138,0x2483
139,0x248f
140,0x2497
141,0x2493
142,0x249f
143,0x249b
144,0x34a2
145,0x24a2
146,0x24ba
147,0xa4b3
148,0x14a2
149,0x14ae
150,0x14aa
151,0xeac3
152,0xb380
153,0xa4bc
154,0x7852
155,0xbaed
156,0x770e
157,0x66d4
158,0x6e9b
159,0xca9d
160,0x0ed8
161,0x547e
162,0x103c
163,0x6e7b
164,0x2ecc
165,0xe2bd
166,0x0bce
167,0xb29b
168,0xc56b
169,0x4eec
170,0xbb13
171,0x491e
172,0xe278
173,0xca9c
174,0xe9af
175,0x16e9
176,0xb4b2
177,0x3d9b
178,0xd790
179,0xef78
180,0x05bf
181,0x6b7a
182,0x0d41
183,0x6323
184,0x6759
185,0x1c08
186,0x923c
187,0xbbe6
188,0x06b5
189,0x123f
190,0xe6e4
191,0x5031
192,0x84ee
193,0x7a1f
194,0x0f6d
195,0x2239
196,0xd3a0
197,0x5a5f
198,0x6a87
199,0xa206
200,0x12e7
201,0xd2c8
202,0x90d0
203,0x535d
204,0x8e95
205,0x56f9
206,0x3774
207,0xc3ca
208,0x082e
209,0xb330
210,0x4f58
211,0x9644
212,0x453e
213,0x08ef
214,0xc019
215,0x0cad
216,0x7b4d
217,0xe4a5
218,0x141f
219,0xf2d0
220,0x3fe6
221,0x515f
222,0x515c
223,0x515d
224,0x515a
225,0xd6dc
226,0x49b2
227,0x291f
228,0x110a
229,0x4754
230,0x387c
231,0x1fbc
232,0x0f73
233,0xe814
234,0xaf15
235,0x56fc
236,0x66e7
239,0xe25c
240,0x80e3
241,0x80ef
242,0x80eb
243,0x80f7
244,0x80f3
245,0x8896
246,0x2b57
247,0x2a22
248,0xa7c9
249,0x71d3
250,0xa004
251,0x3455
252,0xd9ae
253,0x1b1a
254,0xe7e1
255,0x2407
256,0x240b
257,0x240f
258,0x2413
259,0xa416
260,0xa41a
261,0xa41e
262,0xa40a
263,0xa40e
264,0x1605
265,0x949f
266,0x9935
267,0x0639
268,0x670d
269,0x213d
270,0x1f6d
271,0xb132
272,0xa782
273,0x2353
274,0x14e2
275,0x16f7
276,0xbc67
277,0x519b
278,0x1105
279,0x0a06
280,0x5c7d
281,0x1078
282,0xa375
283,0x909b
284,0x3dce
285,0xfba6
286,0xfba2
287,0xfb9e
288,0xfb9a
289,0xffbe
290,0xffba
291,0xffb6
292,0xdb06
293,0xbb16
294,0x16e5
295,0x6289
296,0x08f7
297,0xe9a2
298,0x3336
299,0x3854
300,0xd35d
301,0x5198
302,0xd35f
303,0x0d4f
304,0x62b7
305,0x3a19
306,0xcd8e
307,0xbf7a
308,0x0f58
309,0x2ac5
310,0xb6d6
311,0xe2ef
312,0x58c2
313,0x8e3f
314,0xe6ef
315,0x8bdc
316,0x24ff
317,0x0165
318,0x7b00
319,0x471b
320,0x4717
321,0xd406
322,0xd41e
323,0x5417
324,0xd42e
325,0x5427
326,0x4713
327,0xafb2
328,0x470f
329,0x470b
330,0xa41e
331,0xa412
332,0x2417
333,0xa42e
334,0x4707
335,0x941e
336,0x4703
337,0x8406
338,0x473f
339,0x741e
340,0x473b
341,0x431f
342,0x0fd3
343,0x7427
344,0x743f
345,0x7433
346,0x431b
347,0x6427
348,0x4317
349,0x5427
350,0x4313
351,0x430f
352,0x430b
353,0x2427
354,0x4307
355,0x1427
356,0x143f
357,0x4303
358,0x433f
359,0xf427
360,0x4f17
361,0x5447
362,0x4f0f
363,0x4f0b
364,0x2447
365,0x4f07
366,0x1447
367,0x145f
368,0x9456
369,0x4f03
370,0x0447
371,0x4f3f
372,0xf447
373,0x4f3b
374,0xe447
375,0x4b1f
376,0xf466
377,0xf47e
378,0x4b1b
379,0xe466
380,0x4b17
381,0x4f93
382,0xd466
383,0x4b13
384,0x4b0f
385,0xb466
386,0xb47e
387,0x4b0b
388,0xa466
389,0xa47e
390,0x4b07
391,0x9466
392,0x947e
393,0x4b03
394,0x4b3f
395,0x7466
396,0x4b3b
397,0x6466
398,0x647e
399,0x5717
400,0x5487
401,0x5713
402,0x4487
403,0x449f
404,0x570f
405,0x570b
406,0x5707
407,0x5703
408,0x573f
409,0x829b
410,0xd2cd
411,0xdef1
412,0xc1d7
413,0xa6b2
414,0x12e2
415,0xf1f4
416,0x0ebb
417,0x70ef
418,0xd2b9
419,0xcaa1
420,0x917e
421,0xa009
422,0xade9
423,0xb5a8
424,0xd169
425,0x1570
426,0xa7c3
427,0x15ec
428,0x671f
429,0x90af
430,0x90a3
431,0x3160
432,0x5160
433,0xc8f1
434,0xbb17
435,0x5057
436,0x697b
437,0x32ad
438,0xaba7
439,0x993a
440,0xaa22
441,0xa4d7
442,0x9764
443,0x307c
444,0x49b7
445,0x2b0a
446,0x472b
447,0x2406
448,0x240a
449,0x241e
450,0x2412
451,0xa417
452,0x4727
453,0xcf10
454,0x3964
455,0x2e13
456,0x141e
457,0x9417
458,0x941b
459,0x142e
460,0x4723
461,0x4f31
462,0x9965
463,0xae32
464,0x0406
465,0x041e
466,0x843f
467,0x473f
468,0xcfd0
469,0xf964
470,0x2ed3
471,0x7406
472,0x741e
473,0xf417
474,0x742e
475,0x473b
476,0x4ff1
477,0xaef2
478,0x641e
479,0xe417
480,0x642e
481,0xe43f
482,0x6436
483,0x4737
484,0x4f91
485,0x3965
486,0xae92
487,0x5406
488,0xd417
489,0x542e
490,0xd43f
491,0x4733
492,0x9964
493,0x2eb3
494,0x4406
495,0x440a
496,0x440e
497,0x4412
498,0x4416
499,0x441a
500,0x441e
501,0x441e
502,0x4412
503,0x4416
504,0x440a
505,0x440e
506,0x4402
507,0x4406
508,0x442e
509,0xc427
510,0x4436
511,0x1f83
512,0x470f
513,0xce50
514,0xf967
515,0x2f53
516,0xb41e
517,0xb42e
518,0x343f
519,0x470b
520,0xaf72
521,0x432f
522,0xb427
523,0xb43f
524,0x3436
525,0xb40f
526,0x3406
527,0x341e
528,0xb417
529,0x432b
530,0x6f71
531,0x5924
532,0x8e72
533,0xa427
534,0x2406
535,0x241e
536,0x2412
537,0xa417
538,0xa41b
539,0xa41f
540,0xa46f
541,0xa463
542,0x4f2f
543,0xb447
544,0xb44b
545,0xb45f
546,0xb453
547,0x3456
548,0xb46f
549,0xb463
550,0x4f2b
551,0x0f71
552,0xee72
553,0x2456
554,0xa46f
555,0x2466
556,0x4f27
557,0x0f11
558,0x39e4
559,0xee12
560,0x1456
561,0x946f
562,0x147e
563,0x9477
564,0x4f23
565,0x8f30
566,0x99e5
567,0x99e9
568,0x6e33
569,0x8447
570,0x845f
571,0x0466
572,0x4f3f
573,0x0fd1
574,0xf9e4
575,0xeed2
576,0xf45f
577,0x7466
578,0x747e
579,0xf477
580,0xf40f
581,0x4f3b
582,0x59e5
583,0x6ef3
584,0xe45f
585,0x6456
586,0xe46f
587,0x6466
588,0x646a
589,0x647e
590,0xe40f
591,0x6406
592,0xec4f
593,0xec43
594,0xec47
595,0xec5b
596,0xec5f
597,0xec53
598,0xec57
599,0x6c46
600,0x6c5e
601,0x6c52
602,0x6c56
603,0x5fc3
604,0x4f37
605,0x8f90
606,0x39e5
607,0x6e93
608,0x5456
609,0x5466
610,0x547e
611,0xd477
612,0x4f33
613,0x0fb1
614,0x99e4
615,0xeeb2
616,0xc45f
617,0xc46f
618,0x4466
619,0xc40f
620,0x4f0f
621,0x0e51
622,0xf9e7
623,0xf9ef
624,0xef52
625,0x345f
626,0x4f0b
627,0x2447
628,0x245f
629,0x4b2f
630,0x2f51
631,0xf9a5
632,0xce52
633,0x347e
634,0xb477
635,0xb45f
636,0x4b2b
637,0x4e73
638,0xb147
639,0x1311
640,0x1d55
641,0xf316
642,0xa10c
643,0xc338
644,0x5727
645,0x5613
646,0x8b37
647,0xb34b
648,0xb30c
649,0x0b37
650,0xb7b4
651,0xe99d
652,0xb49c
653,0xa95d
654,0xfb9a
655,0x952d
656,0xcfad
657,0x339d
658,0xcb7e
659,0xd717
660,0x11f0
661,0x65f0
662,0x8c09
663,0x9868
664,0xe7d4
665,0xd4c8
666,0x8871
667,0xf8ca
668,0x7bdb
669,0xa65d
670,0xf278
671,0xd439
672,0x3dd8
673,0x73ae
674,0xd0ca
675,0x105b
676,0x61b4
677,0x7b22
678,0x983b
679,0x440c
680,0x9402
681,0xb59e
682,0x7de7
683,0xb742
684,0xf694
685,0x58f2
686,0x0aeb
687,0x785b
688,0x37bb
689,0xc7a2
690,0xb332
691,0xadb1
692,0xd5b0
693,0xf734
694,0x0753
695,0x4fea
696,0x71ff
697,0xfb25
698,0xc68c
699,0x3298
700,0x6819
701,0x4ef1
702,0x08dd
703,0xc06f
704,0x1597
705,0x18a5
706,0x10b2
707,0x61ff
708,0xe16a
709,0x29bd
710,0x75d8
711,0xc966
712,0xf8a4
713,0xf4d4
714,0xfdd2
715,0x30d9
716,0xe53b
717,0x5fbd
718,0xd916
719,0x3329
720,0x5154
721,0x5155
722,0x5156
723,0x069b
724,0x8a40
725,0xd524
726,0x3a9c
727,0x409e
730,0x5054
731,0x5055
732,0x44be
733,0xc550
734,0x61cf
735,0x5051
736,0x111a
737,0x3043
738,0x87fc
739,0xb3a8
740,0x4313
741,0x4427
742,0x4f37
743,0x4f33
744,0x5737
745,0xd487
746,0x5733
747,0x93cb
748,0xf24c
752,0xe02a
753,0xb1b6
754,0xa6c8
755,0x60a5
756,0x302d
757,0xc0dc
758,0x1c97
759,0x1c9b
760,0x1c9f
761,0x27e9
762,0x5e31
763,0x5e3d
764,0x5e39
765,0x654f
766,0xb710
767,0xb34b
768,0x3f3b
769,0xfe5e
770,0x8ca6
771,0x9043
772,0x395b
773,0x81cc
774,0x81d4
775,0xd561
776,0x3c61
777,0x7730
778,0x3d5b
779,0xf420
780,0x8194
781,0x9dc4
782,0x8194
783,0x4da1
784,0x69a1
785,0xddf4
786,0x05e9
787,0x6d89
788,0x01b5
789,0xc1f0
790,0x71d9
791,0x19cd
792,0x09e9
793,0xf5b8
794,0xf530
795,0x1d5d
796,0x950c
797,0x852c
798,0x9eb7
799,0x9fe7
800,0xd2da
801,0xa1ac
802,0x2a25
804,0x7546
805,0x754a
806,0x754e
807,0x7552
808,0x7556
809,0x755a
810,0x755e
811,0x524b
818,0x7df2
819,0x7dfe
820,0x7dfa
821,0x7de6
822,0x7de2
824,0xb471
825,0xb47d
826,0xb479
827,0xb465
828,0xb461
829,0x5143
830,0x504a
831,0x504b
832,0x5048
833,0x5049
834,0x504e
835,0x504f
836,0x504c
837,0x504d
838,0x5042
839,0x5043
840,0x574a
841,0x574b
842,0x5748
843,0x5749
844,0x574e
845,0x574f
846,0x574c
847,0x574d
848,0x5742
849,0x5743
850,0x564a
851,0x564b
852,0x5648
853,0x5649
